metric,val_mean,val_std,test_mean,test_std,best_fold
AUC,0.7952411238950663,0.03651095459307053,0.8502246352785147,0.033182524278951596,2
Average Precision,0.8964152316866297,0.03058639400958031,0.9243839158174755,0.021032801315918778,2
TPR,0.9212069118043129,0.04500201586205874,0.8450928381962864,0.0839404159419352,8
TNR,0.3979626548425702,0.12931255286344331,0.65625,0.1309222097277616,2
PPV,0.7790630434472473,0.0515992219589911,0.8573152305033277,0.03664146106060895,2
NPV,0.7038077833583024,0.09937517400933504,0.6667843330129805,0.084608198065008,1
F1,0.8427050990112838,0.0355018738586708,0.8471256937551578,0.03295958171849678,2
MCC,0.3873901063512813,0.11190826199977524,0.5103339481981994,0.05482627074596099,2
