metric,val_mean,val_std,test_mean,test_std,best_fold
AUC,0.7679544928676194,0.045918019266698515,0.8582443633952254,0.018542995395576377,9
Average Precision,0.8774441596995967,0.03219326288946197,0.9294293806635927,0.01399076613442179,9
TPR,0.8895243499741156,0.04522903784506836,0.8116710875331565,0.0786327879378716,4
TNR,0.43714819047042164,0.11113419673380309,0.7056250000000001,0.1489927116506039,9
PPV,0.7861490865175875,0.037977539768153455,0.8727600917422913,0.042578472865311155,9
NPV,0.6407546823126626,0.07009235737438327,0.6352501780114876,0.07693618102746522,6
F1,0.8333140682561627,0.024504319120224622,0.8368442755440955,0.02407314955235772,4
MCC,0.371376288101777,0.0717502504981366,0.509674880553376,0.03909272055015227,6
