metric,val_mean,val_std,test_mean,test_std,best_fold
AUC,0.6561663547297436,0.03583907546029016,0.7064854111405835,0.01910468246617051,4
Average Precision,0.8014080690359554,0.040496351936226985,0.8389623710650627,0.008929254288746028,4
TPR,0.90714879359919,0.07922330750267659,0.896286472148541,0.11603038900142834,2
TNR,0.19687635568347744,0.13534954610662991,0.265625,0.2295418330609913,3
PPV,0.7244606270858548,0.03150573048334699,0.7489591723940658,0.04039109546349822,4
NPV,0.49844676715366376,0.10232644419561299,0.411714927013391,0.2883311644695659,2
F1,0.8036322077354734,0.039173934435642925,0.8090245621475118,0.03306266986317165,4
MCC,0.14474631302743496,0.0702218900377462,0.1938779585092411,0.12847703589911555,7
