metric,val_mean,val_std,test_mean,test_std,best_fold
AUC,0.7783667497996655,0.046665470958152676,0.8767390583554378,0.01243983369286949,9
Average Precision,0.8838895448363895,0.032483677592834916,0.9393910420969641,0.01108174058968416,4
TPR,0.9250073438334588,0.04479456295779834,0.8984084880636605,0.04854981006595985,2
TNR,0.42798098701070025,0.10497190904580757,0.6325000000000001,0.11811673251491511,3
PPV,0.7890181992408467,0.03852781765293744,0.8553022956675015,0.03493690687469257,4
NPV,0.7325939323277869,0.07532622358215345,0.740647683499083,0.05863577241627328,2
F1,0.8506695401012234,0.030718949754434493,0.8743630080117901,0.008371212040612178,4
MCC,0.4262645814375275,0.07407376460414457,0.5603593743153934,0.03098858490613574,9
