metric,val_mean,val_std,test_mean,test_std,best_fold
AUC,0.7905084689243136,0.06091266602250412,0.8645590185676392,0.014968201578081559,1
Average Precision,0.8947813411014665,0.036701695405485825,0.9335451365883504,0.0076133525986989865,9
TPR,0.9080100151091983,0.02674380802698121,0.8588859416445624,0.048575164529483704,7
TNR,0.4531920371638535,0.10772109869709176,0.675,0.1291196150861673,9
PPV,0.7935345054679639,0.041322128858503115,0.8653725500303462,0.03983416494405878,9
NPV,0.6808392647037007,0.0826068692065883,0.6783894767540813,0.04975424146447383,7
F1,0.8458214058433432,0.0194218272210073,0.860062377384132,0.014585474444379947,4
MCC,0.41206739895242467,0.08135113678626636,0.5371901643012171,0.0636049484793988,9
